,Slope ($\mu$m/y),Sample
0,-0.58129495,true scores
1,0.23619707,true scores
2,0.59027898,true scores
3,1.4119896,true scores
4,2.6595247,true scores
5,-0.043459821,true scores
6,0.98620749,true scores
7,0.86214626,true scores
8,0.15171625,true scores
9,1.1800095,true scores
10,1.7334328,true scores
11,0.75141191,true scores
12,0.40990853,true scores
13,0.70361787,true scores
14,0.85916996,true scores
15,0.018528039,true scores
16,1.0952832,true scores
17,0.55178893,true scores
18,-0.097401381,true scores
19,0.18545179,true scores
20,0.81744236,true scores
21,0.49308714,true scores
22,0.35966685,true scores
23,0.33350629,true scores
24,1.441065,true scores
25,-1.2980518,true scores
26,0.94819117,true scores
27,0.99278432,true scores
28,0.56678808,true scores
29,2.834815,true scores
30,0.79805702,true scores
31,0.10687778,true scores
32,0.30624402,true scores
33,0.91099197,true scores
34,0.34634387,true scores
35,0.44680795,true scores
36,0.25795755,true scores
37,-1.6998796,true scores
38,0.1940576,true scores
39,1.7540331,true scores
40,0.016914885,true scores
41,0.62684053,true scores
42,1.1316482,true scores
43,-0.030601641,true scores
44,-1.4855889,true scores
45,0.252682,true scores
46,0.69462484,true scores
47,0.4925122,true scores
48,1.0248477,true scores
49,0.58135462,true scores
50,0.34105936,true scores
51,1.2480747,true scores
52,0.033331312,true scores
53,1.5689832,true scores
54,0.25063974,true scores
55,1.0692279,true scores
56,0.92138797,true scores
57,0.42409432,true scores
58,0.66561484,true scores
59,0.40755463,true scores
60,0.62413222,true scores
61,-1.341632,true scores
62,0.62750465,true scores
63,0.29104787,true scores
64,0.72890425,true scores
65,0.51628399,true scores
66,0.84669274,true scores
67,0.35110104,true scores
68,0.90317822,true scores
69,1.5399709,true scores
70,1.0488787,true scores
71,1.3991014,true scores
72,-0.5757798,true scores
73,0.17688394,true scores
74,0.050246246,true scores
75,1.1058515,true scores
76,0.30027783,true scores
77,0.87769866,true scores
78,0.83182532,true scores
79,0.77856785,true scores
80,1.2273511,true scores
81,0.94056058,true scores
82,0.7804383,true scores
83,0.95460737,true scores
84,-0.16569346,true scores
85,1.0705037,true scores
86,0.51629996,true scores
87,1.5761626,true scores
88,0.32634443,true scores
89,1.9090112,true scores
90,1.023533,true scores
91,0.78816146,true scores
92,0.20518632,true scores
93,0.23306981,true scores
94,0.39274448,true scores
95,1.0116094,true scores
96,0.6110366,true scores
97,-1.844233,true scores
98,1.568952,true scores
99,2.1141827,true scores
100,1.3396732,true scores
101,-1.152757,true scores
102,-0.82427722,true scores
103,-0.039088473,true scores
104,0.52366698,true scores
105,0.73542565,true scores
106,1.3304576,true scores
107,0.3293753,true scores
108,0.6343652,true scores
109,1.3319806,true scores
110,0.54755604,true scores
111,1.8607811,true scores
112,0.67695749,true scores
113,0.80338371,true scores
114,0.66737849,true scores
115,-0.97571504,true scores
116,0.76475757,true scores
117,0.049357917,true scores
118,2.0811877,true scores
119,0.69608855,true scores
120,0.33558205,true scores
121,0.4074291,true scores
122,0.48573312,true scores
123,0.16861442,true scores
124,0.76458192,true scores
125,0.18386464,true scores
126,1.403433,true scores
127,0.74259865,true scores
128,0.43688059,true scores
129,0.91255373,true scores
130,0.72922301,true scores
131,0.59570879,true scores
132,0.71986264,true scores
133,0.83461583,true scores
134,0.59834409,true scores
135,2.4241614,true scores
136,1.2769052,true scores
137,0.73557907,true scores
138,0.32971841,true scores
139,1.1587061,true scores
140,0.31582829,true scores
141,0.71172887,true scores
142,0.56827086,true scores
143,0.64528161,true scores
144,0.7788868,true scores
145,0.7367118,true scores
146,0.66620851,true scores
147,3.1083217,true scores
148,0.26491895,true scores
149,0.28366044,true scores
150,0.89545149,true scores
151,0.57243788,true scores
152,0.15452082,true scores
153,0.680287,true scores
154,1.0399566,true scores
155,0.57262856,true scores
156,0.50575531,true scores
157,1.0571933,true scores
158,0.70348108,true scores
159,-0.23917784,true scores
160,-0.60295862,true scores
161,0.7653994,true scores
162,0.15375564,true scores
163,0.35861486,true scores
164,0.86963832,true scores
165,0.2738238,true scores
166,-0.33874461,true scores
167,2.3556836,true scores
168,0.45019478,true scores
169,1.2139773,true scores
170,0.60968399,true scores
171,0.86728662,true scores
172,0.98523355,true scores
173,0.2177199,true scores
174,1.420413,true scores
175,0.92939323,true scores
176,-1.8053015,true scores
177,1.6151526,true scores
178,0.85472006,true scores
179,0.97694093,true scores
180,0.39762732,true scores
181,0.48238429,true scores
182,0.40949851,true scores
183,0.4543145,true scores
184,-1.311479,true scores
185,0.34432396,true scores
186,0.69821155,true scores
187,-0.57505757,true scores
188,1.1999469,true scores
189,0.65556556,true scores
190,0.86161023,true scores
191,1.8130969,true scores
192,2.1939869,true scores
193,1.0143538,true scores
194,0.19083515,true scores
195,0.97900438,true scores
196,0.3043631,true scores
197,0.51202548,true scores
198,0.94167614,true scores
199,0.22456828,true scores
200,0.23941916,true scores
201,0.58627874,true scores
202,0.8262195,true scores
203,0.64467585,true scores
204,1.5070965,true scores
205,-1.5930381,true scores
206,0.27505657,true scores
207,-0.24993376,true scores
208,0.36675653,true scores
209,0.99570006,true scores
210,0.12401,true scores
211,0.51016557,true scores
212,0.53498024,true scores
213,1.171338,true scores
214,0.72878659,true scores
215,-0.1070106,true scores
216,1.4407244,true scores
217,0.70000297,true scores
218,1.3176672,true scores
219,2.6352561,true scores
220,1.6014259,true scores
221,0.70052361,true scores
222,1.0075655,true scores
223,-0.026917344,true scores
224,1.2786007,true scores
225,0.73323816,true scores
226,1.3941358,true scores
227,1.1792085,true scores
228,0.8267616,true scores
229,0.55813676,true scores
230,1.0299518,true scores
231,1.144299,true scores
232,-0.48869786,true scores
233,1.0876743,true scores
234,0.64372021,true scores
235,0.53697485,true scores
236,1.1993246,true scores
237,0.8062166,true scores
238,2.0328991,true scores
239,0.38169378,true scores
240,0.75784475,true scores
241,1.0750266,true scores
242,-0.088994212,true scores
243,1.5124391,true scores
244,0.32613516,true scores
245,-0.22487353,true scores
246,0.7738446,true scores
247,-0.031865228,true scores
248,0.55663884,true scores
249,0.57863384,true scores
250,0.42219347,true scores
251,0.63724208,true scores
252,0.68731248,true scores
253,0.47902584,true scores
254,1.4292428,true scores
255,0.27096763,true scores
256,0.85248864,true scores
257,0.70325667,true scores
258,1.5166382,true scores
259,-0.89939588,true scores
260,0.53776228,true scores
261,3.3005831,true scores
262,0.45940518,true scores
263,2.3116488,true scores
264,0.29698375,true scores
265,0.90521681,true scores
266,0.52512318,true scores
267,0.57858038,true scores
268,1.558512,true scores
269,1.0020285,true scores
270,-0.083680578,true scores
271,0.12198783,true scores
272,0.94959831,true scores
273,1.249209,true scores
274,0.90225112,true scores
275,0.34011948,true scores
276,1.3149037,true scores
277,0.5125972,true scores
278,-0.48443764,true scores
279,0.35379493,true scores
280,0.65543824,true scores
281,-0.13905002,true scores
282,0.65700775,true scores
283,0.61955166,true scores
284,0.6274749,true scores
285,0.56427288,true scores
286,0.64877379,true scores
287,0.52104002,true scores
288,-0.065469481,true scores
289,0.73342103,true scores
290,0.49127838,true scores
291,1.7200464,true scores
292,-1.1045454,true scores
293,0.79213572,true scores
294,1.2152718,true scores
295,0.50371307,true scores
296,-0.12288032,true scores
297,0.34325892,true scores
298,0.40818337,true scores
299,0.69662446,true scores
300,0.75934637,true scores
301,-0.5810495,true scores
302,1.6954019,true scores
303,-0.03315996,true scores
304,0.37460095,true scores
305,0.89271832,true scores
306,0.92551798,true scores
307,-0.041048285,true scores
308,0.51454276,true scores
309,0.71247911,true scores
310,0.13598885,true scores
311,0.29468355,true scores
312,0.61343199,true scores
313,0.4398784,true scores
314,1.5683702,true scores
315,0.72596323,true scores
316,0.5341956,true scores
317,0.77021402,true scores
318,0.39118621,true scores
319,-0.23254226,true scores
320,0.67346668,true scores
321,0.44327509,true scores
322,0.7364549,true scores
323,0.46749872,true scores
324,0.69022512,true scores
325,-0.93543261,true scores
326,0.28654799,true scores
327,1.3116354,true scores
328,0.19666931,true scores
329,-1.0971851,true scores
330,0.49709815,true scores
331,0.89783967,true scores
332,0.43974149,true scores
333,0.66209477,true scores
334,1.3207246,true scores
335,1.3562393,true scores
336,0.64853448,true scores
337,0.50840515,true scores
338,0.032877918,true scores
339,-0.17940359,true scores
340,0.76455045,true scores
341,1.052687,true scores
342,0.50765091,true scores
343,0.88045502,true scores
344,0.58755141,true scores
345,0.78656596,true scores
346,1.718098,true scores
347,0.60757798,true scores
348,1.6042922,true scores
349,0.47462904,true scores
350,0.31179264,true scores
351,0.72826821,true scores
352,0.92033964,true scores
353,0.36161545,true scores
354,0.46963495,true scores
355,1.0690999,true scores
356,0.30424705,true scores
357,0.72456342,true scores
358,0.028105535,true scores
359,1.2242088,true scores
360,-0.07854107,true scores
361,-0.75671995,true scores
362,0.49906939,true scores
363,0.66992456,true scores
364,0.54400003,true scores
365,-1.0145003,true scores
366,0.65479016,true scores
367,0.72837621,true scores
368,0.59564978,true scores
369,0.7560721,true scores
370,0.81182683,true scores
371,0.34407985,true scores
372,0.73539537,true scores
373,0.8282699,true scores
374,0.26769191,true scores
375,0.48652965,true scores
376,0.4644362,true scores
377,-0.2152846,true scores
378,-0.4839865,true scores
379,0.87111717,true scores
380,0.74620432,true scores
381,0.36429024,true scores
382,0.11526151,true scores
383,0.89711481,true scores
384,0.47845471,true scores
385,0.50841254,true scores
386,0.94058138,true scores
387,0.82293522,true scores
388,0.89823091,true scores
389,0.58435309,true scores
390,0.7702539,true scores
391,0.91274041,true scores
392,0.59765047,true scores
393,0.90692294,true scores
394,0.41030931,true scores
395,6.6369324,true scores
396,0.23270707,true scores
397,0.65722013,true scores
398,0.74140096,true scores
399,0.38714853,true scores
400,0.6535241,true scores
401,0.44291902,true scores
402,0.69164687,true scores
403,0.99375576,true scores
404,2.9050143,true scores
405,0.63190788,true scores
406,0.7994681,true scores
407,-0.30325359,true scores
408,0.5368008,true scores
409,0.49715033,true scores
410,0.85418814,true scores
411,0.067996897,true scores
412,0.96666324,true scores
413,0.62004304,true scores
414,0.4372316,true scores
415,-0.40585652,true scores
416,0.92614615,true scores
417,0.70265836,true scores
418,0.40746942,true scores
419,1.4140906,true scores
420,0.065586768,true scores
421,0.70573866,true scores
422,1.3711776,true scores
423,1.2855115,true scores
424,0.5632773,true scores
425,-2.5871155,true scores
426,0.8707512,true scores
427,0.62205094,true scores
428,0.67059922,true scores
429,0.6272738,true scores
430,0.42790723,true scores
431,0.044490572,true scores
432,0.58373719,true scores
433,0.18289575,true scores
434,0.35675666,true scores
435,0.82125068,true scores
436,0.57134807,true scores
437,1.5946039,true scores
438,0.83439571,true scores
439,-0.65990847,true scores
440,0.32025746,true scores
441,0.41527045,true scores
442,1.2744398,true scores
443,0.57911408,true scores
444,0.77746791,true scores
445,0.50185055,true scores
446,0.17250697,true scores
447,0.25693965,true scores
448,1.8997735,true scores
449,0.97124112,true scores
450,0.56218064,true scores
451,0.29673555,true scores
452,-1.0290557,true scores
453,0.51688302,true scores
454,-0.40727094,true scores
455,0.69174743,true scores
456,0.48947349,true scores
457,0.28328562,true scores
458,0.68328196,true scores
459,1.7506566,true scores
460,-0.71086031,true scores
461,1.6017119,true scores
462,0.94381475,true scores
463,0.39813679,true scores
464,0.67634213,true scores
465,0.61926639,true scores
466,0.55207938,true scores
467,0.86751211,true scores
468,0.25742453,true scores
469,0.55141658,true scores
470,0.71274829,true scores
471,-0.83750123,true scores
472,1.1263646,true scores
473,0.93330228,true scores
474,0.72410226,true scores
475,0.66335094,true scores
476,0.49498039,true scores
477,0.88103133,true scores
478,3.7340705,true scores
479,0.68296456,true scores
480,0.63895726,true scores
481,0.67843735,true scores
482,0.26208198,true scores
483,0.47886315,true scores
484,1.1627431,true scores
485,1.4529583,true scores
486,0.7463401,true scores
487,0.80390215,true scores
488,0.83176011,true scores
489,0.35188091,true scores
490,0.98283798,true scores
491,1.1127368,true scores
492,-0.67186242,true scores
493,-0.24548434,true scores
494,2.5116093,true scores
495,0.56786716,true scores
496,-1.3747197,true scores
497,0.95153427,true scores
498,0.894732,true scores
499,0.31657776,true scores
500,0.64535975,true scores
501,1.2772911,true scores
502,0.63935924,true scores
503,-0.61561245,true scores
504,2.5463986,true scores
505,0.78947079,true scores
506,0.33998168,true scores
507,-0.27965102,true scores
508,0.70988703,true scores
509,1.0094692,true scores
510,1.3924057,true scores
511,1.5029787,true scores
512,-0.13161464,true scores
513,0.015898466,true scores
514,0.60229409,true scores
515,0.43519339,true scores
516,0.76319867,true scores
517,0.94102353,true scores
518,0.8087644,true scores
519,0.67280447,true scores
520,0.68541181,true scores
521,1.1838318,true scores
522,0.26922718,true scores
523,0.63108081,true scores
524,0.60272819,true scores
525,0.78597063,true scores
526,0.79380476,true scores
527,0.68281144,true scores
528,0.75811738,true scores
529,0.4993971,true scores
530,1.56863,true scores
531,1.5593542,true scores
532,0.80984747,true scores
533,0.85484308,true scores
534,0.24763797,true scores
535,0.53345156,true scores
536,0.94465059,true scores
537,0.66395772,true scores
538,0.77825791,true scores
539,-0.81204814,true scores
540,1.0320796,true scores
541,0.78636461,true scores
542,0.52213192,true scores
543,0.67919445,true scores
544,0.95006907,true scores
545,0.67695612,true scores
546,0.63199854,true scores
547,2.3864365,true scores
548,3.0294614,true scores
549,0.49478132,true scores
550,0.00016220548,true scores
551,1.3882217,true scores
552,0.58942795,true scores
553,0.30351666,true scores
554,0.80114907,true scores
555,0.41582897,true scores
556,1.238061,true scores
557,-0.031473007,true scores
558,0.95189714,true scores
559,0.36134005,true scores
560,0.48727036,true scores
561,0.94034618,true scores
562,2.5142524,true scores
563,1.4951358,true scores
564,0.63469684,true scores
565,1.4148667,true scores
566,0.38256803,true scores
567,0.54400277,true scores
568,0.22350523,true scores
569,0.60392743,true scores
570,0.44021598,true scores
571,1.6122586,true scores
572,0.76780999,true scores
573,-1.4557549,true scores
574,0.35657564,true scores
575,0.77313012,true scores
576,0.63619268,true scores
577,0.76219577,true scores
578,0.57863045,true scores
579,1.2478505,true scores
580,1.6544476,true scores
581,0.6829645,true scores
582,1.8073415,true scores
583,1.5565664,true scores
584,0.66871625,true scores
585,2.3097255,true scores
586,0.53432572,true scores
587,1.1748799,true scores
588,1.0192339,true scores
589,0.68808919,true scores
590,0.91272587,true scores
591,1.7638121,true scores
592,0.10204559,true scores
593,0.9771257,true scores
594,0.83360642,true scores
595,-0.92659926,true scores
596,0.66770953,true scores
597,-0.048479166,true scores
598,1.4768028,true scores
599,0.98101217,true scores
600,1.7199116,true scores
601,0.60842937,true scores
602,0.32084575,true scores
603,-0.1876298,true scores
604,0.68987769,true scores
605,0.47154546,true scores
606,0.83355314,true scores
607,0.7220853,true scores
608,1.077985,true scores
609,0.083626799,true scores
610,0.55449927,true scores
611,0.49650952,true scores
612,1.1628007,true scores
613,0.85831606,true scores
614,1.3875071,true scores
615,0.38729459,true scores
616,0.44427457,true scores
617,0.89236963,true scores
618,-0.13488579,true scores
619,0.78270537,true scores
620,0.51561946,true scores
621,-0.71377647,true scores
622,2.9304414,true scores
623,-0.39118734,true scores
624,0.88385487,true scores
625,0.82921016,true scores
626,0.49501333,true scores
627,0.03712086,true scores
628,0.4689253,true scores
629,0.25734499,true scores
630,1.2404743,true scores
631,1.5921539,true scores
632,0.047486346,true scores
633,1.0856124,true scores
634,0.67060035,true scores
635,2.4368951,true scores
636,0.011588963,true scores
637,0.80748278,true scores
638,0.68578959,true scores
639,0.16414554,true scores
640,0.77462101,true scores
641,0.91947204,true scores
642,0.79164439,true scores
643,0.93931115,true scores
644,0.86235374,true scores
645,1.2084247,true scores
646,1.1542892,true scores
647,0.22044262,true scores
648,0.79475355,true scores
649,-0.73025757,true scores
650,1.1386209,true scores
651,0.79321027,true scores
652,0.68684393,true scores
653,1.0804735,true scores
654,0.85135442,true scores
655,-0.90532565,true scores
656,0.57862997,true scores
657,1.667228,true scores
658,0.27857149,true scores
659,0.77410346,true scores
660,0.42087191,true scores
661,0.60117728,true scores
662,-0.75977951,true scores
663,1.0848689,true scores
664,0.70947057,true scores
665,1.2099838,true scores
666,2.0378301,true scores
667,0.50143516,true scores
668,0.043161985,true scores
669,0.56874055,true scores
670,0.74766791,true scores
671,1.0855877,true scores
672,0.092459448,true scores
673,0.81325924,true scores
674,0.093728058,true scores
675,0.58775008,true scores
676,0.19896556,true scores
677,-0.071855836,true scores
678,0.70898366,true scores
679,0.78321987,true scores
680,0.62918997,true scores
681,1.0869751,true scores
682,0.89334071,true scores
683,0.53531849,true scores
684,-0.084258422,true scores
685,0.66959602,true scores
686,0.64073336,true scores
687,0.54689765,true scores
688,-0.51924706,true scores
689,0.5765304,true scores
690,0.55404538,true scores
691,0.54245991,true scores
692,0.055793453,true scores
693,1.0084904,true scores
694,0.3061128,true scores
695,0.35885206,true scores
696,0.82792139,true scores
697,0.35978016,true scores
698,0.51550651,true scores
699,0.74079698,true scores
700,0.54022038,true scores
701,1.8705803,true scores
702,2.5993457,true scores
703,1.5910573,true scores
704,-0.29150259,true scores
705,1.5256978,true scores
706,0.71925485,true scores
707,0.39866659,true scores
708,0.69396305,true scores
709,0.59720618,true scores
710,0.75863189,true scores
711,-0.37913954,true scores
712,0.64850497,true scores
713,0.90105623,true scores
714,0.39404184,true scores
715,0.34438536,true scores
716,1.0345407,true scores
717,0.75555253,true scores
718,0.53307849,true scores
719,0.69164521,true scores
720,0.54262668,true scores
721,0.19558313,true scores
722,0.82706898,true scores
723,0.52562624,true scores
724,0.76553136,true scores
725,0.37677869,true scores
726,0.17106193,true scores
727,-0.28953031,true scores
728,0.68993872,true scores
729,0.75037366,true scores
730,0.80744463,true scores
731,0.2103177,true scores
732,1.0086092,true scores
733,-0.6316666,true scores
734,0.64471906,true scores
735,0.33528596,true scores
736,0.21830451,true scores
737,0.8637628,true scores
738,-0.4093633,true scores
739,0.31209758,true scores
740,1.4171522,true scores
741,0.95522153,true scores
742,-1.5020658,true scores
743,0.74453145,true scores
744,1.0517157,true scores
745,-0.088332199,true scores
746,0.83487099,true scores
747,0.11076492,true scores
748,0.70492303,true scores
749,0.26249793,true scores
750,0.99701953,true scores
751,1.5873873,true scores
752,0.22558109,true scores
753,0.92620677,true scores
754,0.34321925,true scores
755,0.66078955,true scores
756,0.5227477,true scores
757,1.7323271,true scores
758,0.50817621,true scores
759,0.63839525,true scores
760,1.4052343,true scores
761,0.54613286,true scores
762,0.11510108,true scores
763,0.56497496,true scores
764,2.1902013,true scores
765,0.97135764,true scores
766,0.17973417,true scores
767,-0.049427554,true scores
768,0.49157175,true scores
769,1.7475256,true scores
770,1.5583564,true scores
771,0.28623313,true scores
772,-0.78277534,true scores
773,-0.11818807,true scores
774,1.4658347,true scores
775,0.14855382,true scores
776,1.0512385,true scores
777,1.2903792,true scores
778,0.95378292,true scores
779,0.3710694,true scores
780,0.66485447,true scores
781,0.89323425,true scores
782,0.65177619,true scores
783,0.63825327,true scores
784,0.39240777,true scores
785,0.025427956,true scores
786,0.53627574,true scores
787,1.3159552,true scores
788,0.89784378,true scores
789,0.43026936,true scores
790,0.69680911,true scores
791,1.168413,true scores
792,0.42716318,true scores
793,0.5676353,true scores
794,1.1864299,true scores
795,0.40886354,true scores
796,0.27649948,true scores
797,1.52964,true scores
798,0.65808541,true scores
799,0.70118821,true scores
800,0.69272155,true scores
801,1.0280749,true scores
802,0.31811613,true scores
803,0.77260852,true scores
804,0.93779618,true scores
805,1.0948108,true scores
806,0.44930759,true scores
807,0.71686524,true scores
808,0.88004339,true scores
809,0.70399344,true scores
810,0.51334816,true scores
811,1.8491544,true scores
812,-0.76319379,true scores
813,-1.2521228,true scores
814,0.7941137,true scores
815,0.12181631,true scores
816,0.56877047,true scores
817,1.0602961,true scores
818,0.21272403,true scores
819,0.4757638,true scores
820,1.027148,true scores
821,1.2053626,true scores
822,0.61761689,true scores
823,2.3521452,true scores
824,0.34293556,true scores
825,0.73243469,true scores
826,0.65380996,true scores
827,0.85248983,true scores
828,0.79177809,true scores
829,1.5741789,true scores
830,-0.162973,true scores
831,-2.2398934,true scores
832,2.0428588,true scores
833,1.342237,true scores
834,1.0829446,true scores
835,0.48607135,true scores
836,0.62545651,true scores
837,-0.73838395,true scores
838,0.3098067,true scores
839,-0.2864114,true scores
840,0.64845812,true scores
841,0.69386613,true scores
842,1.402387,true scores
843,0.73903167,true scores
844,-0.59526223,true scores
845,0.35648537,true scores
846,1.0364677,true scores
847,0.7906251,true scores
848,0.74614894,true scores
849,-0.082389556,true scores
850,-0.25206414,true scores
851,-0.30271241,true scores
852,0.67815709,true scores
853,0.19544898,true scores
854,1.1977423,true scores
855,0.37640241,true scores
856,-0.16411427,true scores
857,0.70528531,true scores
858,1.772768,true scores
859,0.62849909,true scores
860,0.34601104,true scores
861,1.7699788,true scores
862,0.28087234,true scores
863,2.3754447,true scores
864,0.88197815,true scores
865,0.26735625,true scores
866,0.47533953,true scores
867,0.47386125,true scores
868,1.286093,true scores
869,0.73590654,true scores
870,0.16987556,true scores
871,-1.275218,true scores
872,1.7179217,true scores
873,0.89522576,true scores
874,0.47162044,true scores
875,-0.12559018,true scores
876,0.8488853,true scores
877,1.1386896,true scores
878,0.5312615,true scores
879,0.48321974,true scores
880,0.89009976,true scores
881,0.91933608,true scores
882,0.4045414,true scores
883,-0.71874899,true scores
884,0.93092918,true scores
885,0.044516675,true scores
886,-0.59736174,true scores
887,1.011932,true scores
888,1.2165931,true scores
889,2.2254105,true scores
890,-0.34702969,true scores
891,0.54679191,true scores
892,0.13876307,true scores
893,0.2698338,true scores
894,-0.15227212,true scores
895,-0.1213408,true scores
896,-0.13147233,true scores
897,0.94862515,true scores
898,0.77765626,true scores
899,0.62540001,true scores
900,0.41962168,true scores
901,-0.232328,true scores
902,1.0833204,true scores
903,0.76500928,true scores
904,0.87112945,true scores
905,0.88240272,true scores
906,0.56955355,true scores
907,1.0013558,true scores
908,0.56417316,true scores
909,0.99820334,true scores
910,-0.27919427,true scores
911,0.84878951,true scores
912,0.17440771,true scores
913,1.1258377,true scores
914,-0.060566504,true scores
915,-0.088714495,true scores
916,0.62505239,true scores
917,0.63306004,true scores
918,0.47036415,true scores
919,1.6610073,true scores
920,-0.45435974,true scores
921,0.5360719,true scores
922,-0.74908799,true scores
923,0.59299928,true scores
924,0.4138152,true scores
925,0.023169514,true scores
926,0.25836697,true scores
927,1.078084,true scores
928,0.55508864,true scores
929,0.18942003,true scores
930,0.80644429,true scores
931,0.53090596,true scores
932,1.061603,true scores
933,1.0206498,true scores
934,-0.011523476,true scores
935,0.27384555,true scores
936,1.0786014,true scores
937,0.52571058,true scores
938,1.0632714,true scores
939,1.0578461,true scores
940,0.59245151,true scores
941,-0.66228408,true scores
942,0.91008383,true scores
943,0.58373123,true scores
944,0.55687857,true scores
945,1.1733488,true scores
946,1.2453725,true scores
947,0.76013589,true scores
948,1.276682,true scores
949,0.88171059,true scores
950,0.41836128,true scores
951,0.74930912,true scores
952,0.67785823,true scores
953,1.3036249,true scores
954,1.4996417,true scores
955,-1.131828,true scores
956,0.58776879,true scores
957,0.63604695,true scores
958,0.82323188,true scores
959,0.089486696,true scores
960,0.091310315,true scores
961,0.70650774,true scores
962,0.36327687,true scores
963,-1.1013116,true scores
964,0.67689627,true scores
965,0.58870411,true scores
966,0.30741444,true scores
967,0.59469813,true scores
968,0.10686418,true scores
969,1.0107824,true scores
970,0.29062185,true scores
971,1.0526133,true scores
972,0.91223627,true scores
973,0.93253517,true scores
974,0.81490982,true scores
975,0.066852979,true scores
976,0.24799375,true scores
977,0.15140478,true scores
978,0.72077936,true scores
979,1.0088452,true scores
980,1.2042257,true scores
981,0.4927164,true scores
982,-1.2798127,true scores
983,-0.22343938,true scores
984,0.087004989,true scores
985,1.5663583,true scores
986,1.0355966,true scores
987,1.1416259,true scores
988,1.7137705,true scores
989,0.72983968,true scores
990,0.57896376,true scores
991,-0.043666858,true scores
992,0.38830563,true scores
993,0.26082292,true scores
994,0.85333651,true scores
995,0.74631548,true scores
996,0.93866801,true scores
997,0.42364669,true scores
998,-0.0069921506,true scores
999,0.52852345,true scores
1000,-0.7342574,true scores
1001,0.68254149,true scores
1002,0.40562895,true scores
1003,0.55697244,true scores
1004,0.80831814,true scores
1005,0.7957536,true scores
1006,0.91376668,true scores
1007,1.0277557,true scores
1008,0.62050819,true scores
1009,0.26313776,true scores
1010,0.40267149,true scores
1011,1.66006,true scores
1012,-0.1819921,true scores
1013,2.6764235,true scores
1014,0.50887012,true scores
1015,0.43823385,true scores
1016,1.2107717,true scores
1017,0.55008465,true scores
1018,0.85428536,true scores
1019,0.79321474,true scores
1020,0.63681847,true scores
1021,-0.89478636,true scores
1022,1.0206522,true scores
1023,0.70627207,true scores
1024,1.0279883,true scores
1025,0.33069596,true scores
1026,0.80377513,true scores
1027,0.20224436,true scores
1028,0.58912188,true scores
1029,0.090594091,true scores
1030,0.54940182,true scores
1031,0.75117224,true scores
1032,-0.12514879,true scores
1033,0.77341235,true scores
1034,-1.2523844,true scores
1035,1.8457848,true scores
1036,1.1836835,true scores
1037,0.62146103,true scores
1038,0.72247374,true scores
1039,0.98688483,true scores
1040,0.69588983,true scores
1041,0.55547136,true scores
1042,0.61678326,true scores
1043,0.40654585,true scores
1044,0.50398421,true scores
1045,1.297222,true scores
1046,0.57883644,true scores
1047,-0.5091306,true scores
1048,-1.5370923,true scores
1049,0.78875875,true scores
1050,1.2090058,true scores
1051,-0.11271629,true scores
1052,0.70661539,true scores
1053,-0.70592904,true scores
1054,0.69547212,true scores
1055,-1.4796505,true scores
1056,0.72345132,true scores
1057,-0.063922212,true scores
1058,0.75887012,true scores
1059,0.37805972,true scores
1060,1.1289935,true scores
1061,1.6812009,true scores
1062,1.0048896,true scores
1063,1.0492657,true scores
1064,0.72436565,true scores
1065,0.62450957,true scores
1066,-2.5519881,true scores
1067,0.70402271,true scores
1068,0.76335841,true scores
1069,-1.2962009,true scores
1070,0.48525697,true scores
1071,0.1145311,true scores
1072,0.68173653,true scores
1073,0.99480999,true scores
1074,-1.1881495,true scores
1075,-0.14436592,true scores
1076,0.98357642,true scores
1077,1.0402253,true scores
1078,1.3584543,true scores
1079,0.41575587,true scores
1080,1.3086392,true scores
1081,0.40019092,true scores
1082,0.56252247,true scores
1083,0.11136564,true scores
1084,-0.13180949,true scores
1085,0.41330349,true scores
1086,0.37638026,true scores
1087,-0.57160783,true scores
1088,0.66348428,true scores
1089,0.41518271,true scores
1090,1.2337019,true scores
1091,0.24640249,true scores
1092,0.5202418,true scores
1093,-0.02388664,true scores
1094,0.8926937,true scores
1095,1.499928,true scores
1096,0.77585429,true scores
1097,0.74903464,true scores
1098,-0.54721671,true scores
1099,1.1190519,true scores
1100,0.70444489,true scores
1101,0.23508985,true scores
1102,0.71200573,true scores
1103,0.66741985,true scores
1104,1.6188632,true scores
1105,0.12722068,true scores
1106,0.38047966,true scores
1107,0.6058293,true scores
1108,0.89544076,true scores
1109,0.74833983,true scores
1110,0.86825973,true scores
1111,0.81556398,true scores
1112,0.28108129,true scores
1113,0.3160001,true scores
1114,0.94625932,true scores
1115,0.1442339,true scores
1116,0.1841848,true scores
1117,0.29429361,true scores
1118,0.51810026,true scores
1119,1.6078119,true scores
1120,0.45936275,true scores
1121,0.67976284,true scores
1122,-0.59412271,true scores
1123,0.98008627,true scores
1124,1.1623757,true scores
1125,-0.95513672,true scores
1126,0.30177552,true scores
1127,1.3653224,true scores
1128,0.46192911,true scores
1129,0.81306946,true scores
1130,1.6845436,true scores
1131,0.8739655,true scores
1132,0.52730858,true scores
1133,1.0932342,true scores
1134,0.86200476,true scores
1135,1.633329,true scores
1136,1.6112055,true scores
1137,0.32000986,true scores
1138,0.032791428,true scores
1139,-0.11906934,true scores
1140,2.9029291,true scores
1141,-0.049685467,true scores
1142,0.18775237,true scores
1143,0.86393547,true scores
1144,0.34515747,true scores
1145,0.96213055,true scores
1146,-0.44125578,true scores
1147,0.2791194,true scores
1148,0.088007592,true scores
1149,0.6385842,true scores
1150,2.0850873,true scores
1151,-0.065394096,true scores
1152,1.4909711,true scores
1153,0.080465443,true scores
1154,1.6310692,true scores
1155,1.5353485,true scores
1156,0.60572326,true scores
1157,-0.15582253,true scores
1158,0.91817415,true scores
1159,0.83426023,true scores
1160,-0.48923159,true scores
1161,0.7462464,true scores
1162,0.98218715,true scores
1163,0.4611553,true scores
1164,0.60743576,true scores
1165,1.0519389,true scores
1166,1.794942,true scores
1167,0.22379395,true scores
1168,0.055103313,true scores
1169,0.63968033,true scores
1170,0.78529483,true scores
1171,0.54633945,true scores
1172,0.62597698,true scores
1173,1.7715682,true scores
1174,0.22550437,true scores
1175,0.44967112,true scores
1176,0.81268001,true scores
1177,-0.14717011,true scores
1178,0.58430636,true scores
1179,0.53846723,true scores
1180,1.7734112,true scores
1181,-0.37521505,true scores
1182,0.38419613,true scores
1183,0.89531469,true scores
1184,0.22961132,true scores
1185,1.0064441,true scores
1186,0.27156621,true scores
1187,1.3049192,true scores
1188,0.73885095,true scores
1189,0.72604281,true scores
1190,0.73291421,true scores
1191,-0.17902672,true scores
1192,0.64682502,true scores
1193,0.23645982,true scores
1194,0.56634951,true scores
1195,0.26922071,true scores
1196,-0.25025183,true scores
1197,0.03050084,true scores
1198,-0.025186615,true scores
1199,0.064042248,true scores
1200,0.3131122,true scores
1201,1.4340796,true scores
1202,0.82015884,true scores
1203,1.0361487,true scores
1204,0.15651201,true scores
1205,0.77308375,true scores
1206,0.64873499,true scores
1207,0.53099412,true scores
1208,2.0098016,true scores
1209,1.5429018,true scores
1210,2.2775218,true scores
1211,0.23366921,true scores
1212,1.1541837,true scores
1213,0.14976667,true scores
1214,1.6640319,true scores
1215,-0.24864681,true scores
1216,0.55493259,true scores
1217,0.57419086,true scores
1218,-0.24829794,true scores
1219,0.99015754,true scores
1220,1.1602519,true scores
1221,1.8559759,true scores
1222,-0.030964248,true scores
1223,0.63278997,true scores
1224,-1.0721362,true scores
1225,1.1426624,true scores
1226,0.38279703,true scores
1227,0.64728355,true scores
1228,0.41323733,true scores
1229,1.119597,true scores
1230,0.86311299,true scores
1231,1.2416369,true scores
1232,2.6381292,true scores
1233,-1.0784631,true scores
1234,0.84918165,true scores
1235,-0.13905692,true scores
1236,1.3017393,true scores
1237,-0.28055695,true scores
1238,0.11551339,true scores
1239,-0.04429983,true scores
1240,0.77547246,true scores
1241,0.2224886,true scores
1242,0.38824394,true scores
1243,0.62406111,true scores
1244,1.1467646,true scores
1245,0.6351192,true scores
1246,0.67202485,true scores
1247,0.98771125,true scores
1248,-0.51761025,true scores
1249,0.63994896,true scores
1250,0.93884981,true scores
1251,-0.085889585,true scores
1252,0.60256195,true scores
1253,0.94795567,true scores
1254,0.77655774,true scores
1255,0.73986232,true scores
1256,1.1287264,true scores
1257,0.59156156,true scores
1258,0.02012364,true scores
1259,0.66776109,true scores
1260,0.3954742,true scores
1261,-0.16359198,true scores
1262,-0.38321528,true scores
1263,0.37450671,true scores
1264,0.080039151,true scores
1265,1.2113456,true scores
1266,0.75145173,true scores
1267,0.073495016,true scores
1268,0.18982683,true scores
1269,-0.40572694,true scores
1270,-0.48594892,true scores
1271,0.55312634,true scores
1272,1.1233274,true scores
1273,1.8187592,true scores
1274,-0.18321408,true scores
1275,1.3994361,true scores
1276,1.6705606,true scores
1277,1.341444,true scores
1278,0.77236348,true scores
1279,0.7623952,true scores
1280,-0.6666463,true scores
1281,0.95879072,true scores
1282,-0.51174742,true scores
1283,0.75911552,true scores
1284,1.0970165,true scores
1285,1.0637118,true scores
1286,0.37569731,true scores
1287,0.29319549,true scores
1288,0.24605748,true scores
1289,0.21474659,true scores
1290,-0.28240263,true scores
1291,0.42883617,true scores
1292,1.1038843,true scores
1293,0.69432753,true scores
1294,0.71248353,true scores
1295,1.810885,true scores
1296,1.1984136,true scores
1297,-0.090413064,true scores
1298,-0.19573031,true scores
1299,0.71640819,true scores
1300,0.44546771,true scores
1301,0.042308684,true scores
1302,0.63768721,true scores
1303,1.5682981,true scores
1304,0.38088527,true scores
1305,-1.8005168,true scores
1306,0.69766361,true scores
1307,0.75773299,true scores
1308,0.86086947,true scores
1309,0.32666209,true scores
1310,0.7776373,true scores
1311,0.94870818,true scores
1312,0.082184032,true scores
1313,0.088778071,true scores
1314,1.8163551,true scores
1315,1.2343693,true scores
1316,0.73469764,true scores
1317,0.97476184,true scores
1318,0.66409451,true scores
1319,1.4939171,true scores
1320,1.4590302,true scores
1321,0.56917787,true scores
1322,0.44943959,true scores
1323,0.016103279,true scores
1324,0.30464637,true scores
1325,-0.7835663,true scores
1326,-0.56764293,true scores
1327,0.40838397,true scores
1328,0.75595707,true scores
1329,-0.32624692,true scores
1330,-0.12727599,true scores
1331,0.50337976,true scores
1332,0.8210566,true scores
1333,0.046302285,true scores
1334,0.37434655,true scores
1335,0.96789646,true scores
1336,-0.10614493,true scores
1337,0.44628766,true scores
1338,1.0866066,true scores
1339,1.4160883,true scores
1340,1.4900737,true scores
1341,1.4916123,true scores
1342,0.7230525,true scores
1343,0.38809627,true scores
1344,0.61185586,true scores
1345,0.25143375992774963,predicted scores
1346,0.5954532623291016,predicted scores
1347,0.5830869674682617,predicted scores
1348,1.0803961753845215,predicted scores
1349,1.4889395236968994,predicted scores
1350,-0.10144948959350586,predicted scores
1351,0.9732439517974854,predicted scores
1352,0.7550352215766907,predicted scores
1353,0.03446272015571594,predicted scores
1354,1.0829429626464844,predicted scores
1355,0.9656208157539368,predicted scores
1356,0.6474096775054932,predicted scores
1357,0.5555864572525024,predicted scores
1358,0.6063414812088013,predicted scores
1359,0.9594768285751343,predicted scores
1360,0.23113106191158295,predicted scores
1361,0.3330155313014984,predicted scores
1362,2.196169376373291,predicted scores
1363,-0.14478036761283875,predicted scores
1364,0.450602650642395,predicted scores
1365,0.6897546052932739,predicted scores
1366,0.17432579398155212,predicted scores
1367,0.31688401103019714,predicted scores
1368,0.5271924734115601,predicted scores
1369,1.2444396018981934,predicted scores
1370,0.39807406067848206,predicted scores
1371,0.8960385322570801,predicted scores
1372,0.7307054996490479,predicted scores
1373,0.6121197938919067,predicted scores
1374,0.45199790596961975,predicted scores
1375,0.5425816774368286,predicted scores
1376,0.8292935490608215,predicted scores
1377,0.71280837059021,predicted scores
1378,0.9946454167366028,predicted scores
1379,0.011333614587783813,predicted scores
1380,0.6097803115844727,predicted scores
1381,0.5891344547271729,predicted scores
1382,0.3037029206752777,predicted scores
1383,0.34238770604133606,predicted scores
1384,1.5966334342956543,predicted scores
1385,0.20661574602127075,predicted scores
1386,0.9452800154685974,predicted scores
1387,0.769827127456665,predicted scores
1388,0.7129574418067932,predicted scores
1389,-1.5026159286499023,predicted scores
1390,0.42397093772888184,predicted scores
1391,0.3319641649723053,predicted scores
1392,0.1323348432779312,predicted scores
1393,0.997170090675354,predicted scores
1394,0.7190648317337036,predicted scores
1395,0.7199715375900269,predicted scores
1396,0.4891672432422638,predicted scores
1397,0.6548200845718384,predicted scores
1398,1.2813098430633545,predicted scores
1399,0.23199370503425598,predicted scores
1400,1.220246434211731,predicted scores
1401,0.9609737992286682,predicted scores
1402,0.27737516164779663,predicted scores
1403,0.9253906011581421,predicted scores
1404,0.6155661344528198,predicted scores
1405,0.6384822130203247,predicted scores
1406,-0.8478167057037354,predicted scores
1407,0.4362204968929291,predicted scores
1408,0.1902693510055542,predicted scores
1409,0.7489782571792603,predicted scores
1410,0.7791467308998108,predicted scores
1411,0.12375405430793762,predicted scores
1412,0.23293930292129517,predicted scores
1413,0.9525799751281738,predicted scores
1414,1.7531664371490479,predicted scores
1415,1.0216732025146484,predicted scores
1416,1.0779367685317993,predicted scores
1417,-0.12250655889511108,predicted scores
1418,0.37060874700546265,predicted scores
1419,0.09973092377185822,predicted scores
1420,0.9091277718544006,predicted scores
1421,0.6115951538085938,predicted scores
1422,0.854621410369873,predicted scores
1423,0.9501866698265076,predicted scores
1424,0.7652968168258667,predicted scores
1425,0.9162699580192566,predicted scores
1426,0.5481255054473877,predicted scores
1427,-0.15339046716690063,predicted scores
1428,0.34826308488845825,predicted scores
1429,0.4675111174583435,predicted scores
1430,1.112928867340088,predicted scores
1431,0.2624835669994354,predicted scores
1432,1.4365746974945068,predicted scores
1433,0.10826647281646729,predicted scores
1434,1.3842265605926514,predicted scores
1435,0.8347246050834656,predicted scores
1436,0.5943722724914551,predicted scores
1437,0.2290055900812149,predicted scores
1438,0.2019611895084381,predicted scores
1439,0.39611488580703735,predicted scores
1440,0.7551254034042358,predicted scores
1441,0.4630998969078064,predicted scores
1442,0.0750575065612793,predicted scores
1443,0.891916036605835,predicted scores
1444,1.946933627128601,predicted scores
1445,0.9171478152275085,predicted scores
1446,0.35764336585998535,predicted scores
1447,0.790104866027832,predicted scores
1448,-0.016355901956558228,predicted scores
1449,0.572012186050415,predicted scores
1450,0.8328590393066406,predicted scores
1451,1.062982439994812,predicted scores
1452,0.24338510632514954,predicted scores
1453,0.5311319828033447,predicted scores
1454,1.3421536684036255,predicted scores
1455,0.74701988697052,predicted scores
1456,0.28893205523490906,predicted scores
1457,1.027923822402954,predicted scores
1458,0.686103105545044,predicted scores
1459,0.6993181705474854,predicted scores
1460,-1.0024229288101196,predicted scores
1461,0.7864215970039368,predicted scores
1462,-0.4965812563896179,predicted scores
1463,2.057171583175659,predicted scores
1464,0.27340081334114075,predicted scores
1465,0.4807562232017517,predicted scores
1466,-0.5426731705665588,predicted scores
1467,-0.018668651580810547,predicted scores
1468,0.06275835633277893,predicted scores
1469,0.7639603018760681,predicted scores
1470,0.16694419085979462,predicted scores
1471,0.18814586102962494,predicted scores
1472,0.7679907083511353,predicted scores
1473,0.1563577502965927,predicted scores
1474,1.188594102859497,predicted scores
1475,0.7496029734611511,predicted scores
1476,0.8218633532524109,predicted scores
1477,1.4381601810455322,predicted scores
1478,0.5191972255706787,predicted scores
1479,0.4661863446235657,predicted scores
1480,1.908730149269104,predicted scores
1481,1.30384361743927,predicted scores
1482,0.6817241907119751,predicted scores
1483,0.352908194065094,predicted scores
1484,0.6919570565223694,predicted scores
1485,-0.025188088417053223,predicted scores
1486,0.6696043014526367,predicted scores
1487,0.23390865325927734,predicted scores
1488,0.46010372042655945,predicted scores
1489,1.2837762832641602,predicted scores
1490,0.6098964214324951,predicted scores
1491,0.7186136245727539,predicted scores
1492,2.906463623046875,predicted scores
1493,0.1359924077987671,predicted scores
1494,0.3834574222564697,predicted scores
1495,0.8619236946105957,predicted scores
1496,0.019411861896514893,predicted scores
1497,0.3722183406352997,predicted scores
1498,0.7109870314598083,predicted scores
1499,1.1297824382781982,predicted scores
1500,0.4773181080818176,predicted scores
1501,0.7327632904052734,predicted scores
1502,0.5645515322685242,predicted scores
1503,0.7027998566627502,predicted scores
1504,-0.1304459273815155,predicted scores
1505,-0.5848658084869385,predicted scores
1506,1.0472537279129028,predicted scores
1507,0.4674825370311737,predicted scores
1508,-0.060441404581069946,predicted scores
1509,0.16335009038448334,predicted scores
1510,0.5751635432243347,predicted scores
1511,0.07620668411254883,predicted scores
1512,1.2128548622131348,predicted scores
1513,0.21678891777992249,predicted scores
1514,0.4937437176704407,predicted scores
1515,0.7629891633987427,predicted scores
1516,0.6159864664077759,predicted scores
1517,0.47988396883010864,predicted scores
1518,0.7055043578147888,predicted scores
1519,0.9273793697357178,predicted scores
1520,0.8175073266029358,predicted scores
1521,-0.186040997505188,predicted scores
1522,0.6855356097221375,predicted scores
1523,1.3244317770004272,predicted scores
1524,0.835304856300354,predicted scores
1525,0.3888975977897644,predicted scores
1526,0.6656607389450073,predicted scores
1527,0.6875609159469604,predicted scores
1528,0.2166157066822052,predicted scores
1529,-0.40248894691467285,predicted scores
1530,0.10781398415565491,predicted scores
1531,0.6527606844902039,predicted scores
1532,-0.3311840891838074,predicted scores
1533,0.7114282846450806,predicted scores
1534,0.44642364978790283,predicted scores
1535,0.8834320902824402,predicted scores
1536,1.3422127962112427,predicted scores
1537,1.9271517992019653,predicted scores
1538,1.0225601196289062,predicted scores
1539,0.4265618920326233,predicted scores
1540,0.8823033571243286,predicted scores
1541,0.4638218879699707,predicted scores
1542,0.687197208404541,predicted scores
1543,0.8116982579231262,predicted scores
1544,0.202919602394104,predicted scores
1545,-0.060441404581069946,predicted scores
1546,0.5159263014793396,predicted scores
1547,0.3855362832546234,predicted scores
1548,0.6570169925689697,predicted scores
1549,1.529129981994629,predicted scores
1550,-1.4557205438613892,predicted scores
1551,0.8178098201751709,predicted scores
1552,0.9188074469566345,predicted scores
1553,0.52772057056427,predicted scores
1554,0.5624635219573975,predicted scores
1555,0.40546348690986633,predicted scores
1556,0.253243625164032,predicted scores
1557,0.4591808021068573,predicted scores
1558,1.3512376546859741,predicted scores
1559,1.1587269306182861,predicted scores
1560,-0.7553615570068359,predicted scores
1561,1.1735997200012207,predicted scores
1562,-0.6837088465690613,predicted scores
1563,0.9189350008964539,predicted scores
1564,1.5953848361968994,predicted scores
1565,1.6024080514907837,predicted scores
1566,0.6143465042114258,predicted scores
1567,1.0225393772125244,predicted scores
1568,-0.22561532258987427,predicted scores
1569,1.422666072845459,predicted scores
1570,0.8762494921684265,predicted scores
1571,1.4338009357452393,predicted scores
1572,1.946933627128601,predicted scores
1573,0.6636968851089478,predicted scores
1574,0.8888827562332153,predicted scores
1575,0.646175742149353,predicted scores
1576,0.4605587422847748,predicted scores
1577,0.35018661618232727,predicted scores
1578,0.617244303226471,predicted scores
1579,0.682156503200531,predicted scores
1580,0.44992488622665405,predicted scores
1581,0.9626542329788208,predicted scores
1582,0.6307893991470337,predicted scores
1583,1.944610834121704,predicted scores
1584,0.05295184254646301,predicted scores
1585,1.0253188610076904,predicted scores
1586,1.1976615190505981,predicted scores
1587,0.12796075642108917,predicted scores
1588,0.6367025375366211,predicted scores
1589,0.7095252275466919,predicted scores
1590,0.2814699113368988,predicted scores
1591,0.7139866352081299,predicted scores
1592,0.2800063192844391,predicted scores
1593,0.8080227971076965,predicted scores
1594,0.09579823911190033,predicted scores
1595,0.5111221075057983,predicted scores
1596,0.6786187887191772,predicted scores
1597,0.4281744360923767,predicted scores
1598,0.6765865087509155,predicted scores
1599,0.9283946752548218,predicted scores
1600,0.497600257396698,predicted scores
1601,0.5522298812866211,predicted scores
1602,1.3780958652496338,predicted scores
1603,0.7964563369750977,predicted scores
1604,-0.8005800247192383,predicted scores
1605,0.9086216688156128,predicted scores
1606,2.2157044410705566,predicted scores
1607,0.42832982540130615,predicted scores
1608,1.738511323928833,predicted scores
1609,0.8969237804412842,predicted scores
1610,0.841841995716095,predicted scores
1611,0.6701605319976807,predicted scores
1612,0.43515270948410034,predicted scores
1613,0.7100364565849304,predicted scores
1614,0.9711213707923889,predicted scores
1615,0.07228735089302063,predicted scores
1616,0.4197330176830292,predicted scores
1617,0.6543111801147461,predicted scores
1618,0.19756613671779633,predicted scores
1619,0.9347968697547913,predicted scores
1620,0.9948527216911316,predicted scores
1621,0.1226007491350174,predicted scores
1622,0.4723597764968872,predicted scores
1623,-0.39105403423309326,predicted scores
1624,0.29675647616386414,predicted scores
1625,0.15634900331497192,predicted scores
1626,-0.2803770899772644,predicted scores
1627,0.6266287565231323,predicted scores
1628,0.87654048204422,predicted scores
1629,1.2012310028076172,predicted scores
1630,0.4839861989021301,predicted scores
1631,0.8818026185035706,predicted scores
1632,0.3481624722480774,predicted scores
1633,0.3170037269592285,predicted scores
1634,0.7061635255813599,predicted scores
1635,0.3521255850791931,predicted scores
1636,1.448081612586975,predicted scores
1637,-0.8670128583908081,predicted scores
1638,0.6410592198371887,predicted scores
1639,1.320038080215454,predicted scores
1640,0.4568379819393158,predicted scores
1641,0.2177531123161316,predicted scores
1642,0.31559598445892334,predicted scores
1643,0.3589009940624237,predicted scores
1644,1.011723279953003,predicted scores
1645,0.7823506593704224,predicted scores
1646,0.7852203845977783,predicted scores
1647,1.618580937385559,predicted scores
1648,0.526596188545227,predicted scores
1649,0.284749835729599,predicted scores
1650,0.5786494016647339,predicted scores
1651,0.6828477382659912,predicted scores
1652,0.4304640293121338,predicted scores
1653,0.3355393409729004,predicted scores
1654,0.4089398682117462,predicted scores
1655,0.2930052578449249,predicted scores
1656,0.5014549493789673,predicted scores
1657,0.27113884687423706,predicted scores
1658,0.33115237951278687,predicted scores
1659,1.2680273056030273,predicted scores
1660,0.5199387669563293,predicted scores
1661,0.5278326272964478,predicted scores
1662,-0.8005800247192383,predicted scores
1663,0.026388227939605713,predicted scores
1664,0.765143632888794,predicted scores
1665,0.7640327215194702,predicted scores
1666,0.5360884666442871,predicted scores
1667,0.9728636741638184,predicted scores
1668,0.49916768074035645,predicted scores
1669,0.7733118534088135,predicted scores
1670,0.07888901233673096,predicted scores
1671,-0.10735639929771423,predicted scores
1672,1.205512523651123,predicted scores
1673,0.03167039155960083,predicted scores
1674,-1.1283248662948608,predicted scores
1675,0.37693530321121216,predicted scores
1676,0.4805298149585724,predicted scores
1677,0.3974360227584839,predicted scores
1678,0.5218310356140137,predicted scores
1679,1.0580241680145264,predicted scores
1680,1.5703169107437134,predicted scores
1681,0.46536311507225037,predicted scores
1682,0.49106109142303467,predicted scores
1683,0.239762082695961,predicted scores
1684,0.2916085124015808,predicted scores
1685,0.6750129461288452,predicted scores
1686,0.7095504999160767,predicted scores
1687,0.4447348713874817,predicted scores
1688,0.9851444363594055,predicted scores
1689,0.7899961471557617,predicted scores
1690,1.169998288154602,predicted scores
1691,1.436814785003662,predicted scores
1692,0.45508360862731934,predicted scores
1693,1.4276889562606812,predicted scores
1694,0.49430227279663086,predicted scores
1695,0.21412710845470428,predicted scores
1696,1.321631669998169,predicted scores
1697,0.7393077611923218,predicted scores
1698,0.8815752863883972,predicted scores
1699,1.030226230621338,predicted scores
1700,0.7753946781158447,predicted scores
1701,0.21374133229255676,predicted scores
1702,0.6326495409011841,predicted scores
1703,0.2511681318283081,predicted scores
1704,0.7694652676582336,predicted scores
1705,0.4511176347732544,predicted scores
1706,-0.5598152875900269,predicted scores
1707,0.3379308581352234,predicted scores
1708,0.6334842443466187,predicted scores
1709,0.6732319593429565,predicted scores
1710,0.790104866027832,predicted scores
1711,0.7033669948577881,predicted scores
1712,0.6738519668579102,predicted scores
1713,0.6044818758964539,predicted scores
1714,0.6893824338912964,predicted scores
1715,0.3195599913597107,predicted scores
1716,0.33919432759284973,predicted scores
1717,0.8348073959350586,predicted scores
1718,0.5935355424880981,predicted scores
1719,0.47549617290496826,predicted scores
1720,0.6378945112228394,predicted scores
1721,0.9691861867904663,predicted scores
1722,-0.12151506543159485,predicted scores
1723,-0.20868539810180664,predicted scores
1724,0.2651591897010803,predicted scores
1725,0.6003420352935791,predicted scores
1726,0.5522258281707764,predicted scores
1727,0.3168434202671051,predicted scores
1728,0.9771789312362671,predicted scores
1729,0.4108118414878845,predicted scores
1730,0.4321649670600891,predicted scores
1731,0.7734072208404541,predicted scores
1732,0.792274534702301,predicted scores
1733,0.9420871734619141,predicted scores
1734,1.0786105394363403,predicted scores
1735,1.0170999765396118,predicted scores
1736,0.9341515302658081,predicted scores
1737,0.9067249298095703,predicted scores
1738,0.9273793697357178,predicted scores
1739,-0.1383204460144043,predicted scores
1740,1.638383150100708,predicted scores
1741,0.5551546812057495,predicted scores
1742,0.6339039206504822,predicted scores
1743,0.5406850576400757,predicted scores
1744,0.5082103610038757,predicted scores
1745,0.3781428635120392,predicted scores
1746,0.634570837020874,predicted scores
1747,0.12032827734947205,predicted scores
1748,1.224179744720459,predicted scores
1749,1.786506175994873,predicted scores
1750,0.4281606674194336,predicted scores
1751,0.826921820640564,predicted scores
1752,-0.517734169960022,predicted scores
1753,0.7667423486709595,predicted scores
1754,0.5082009434700012,predicted scores
1755,1.2937698364257812,predicted scores
1756,0.20036529004573822,predicted scores
1757,0.9741933345794678,predicted scores
1758,0.6998052597045898,predicted scores
1759,0.8089839816093445,predicted scores
1760,-0.3578231930732727,predicted scores
1761,0.8482577800750732,predicted scores
1762,0.7504262924194336,predicted scores
1763,0.14389359951019287,predicted scores
1764,1.3700064420700073,predicted scores
1765,0.6336803436279297,predicted scores
1766,0.7301725149154663,predicted scores
1767,0.5979371070861816,predicted scores
1768,0.719917893409729,predicted scores
1769,0.84133380651474,predicted scores
1770,-1.0341700315475464,predicted scores
1771,0.5276250839233398,predicted scores
1772,0.8003765344619751,predicted scores
1773,0.5558574199676514,predicted scores
1774,0.8416632413864136,predicted scores
1775,0.2637287378311157,predicted scores
1776,0.3069404065608978,predicted scores
1777,0.5888699293136597,predicted scores
1778,0.25149452686309814,predicted scores
1779,0.42127013206481934,predicted scores
1780,0.7902371287345886,predicted scores
1781,0.4663008451461792,predicted scores
1782,1.4304449558258057,predicted scores
1783,0.9091277718544006,predicted scores
1784,0.4139113426208496,predicted scores
1785,0.44418710470199585,predicted scores
1786,-0.24091792106628418,predicted scores
1787,1.2346711158752441,predicted scores
1788,0.580824613571167,predicted scores
1789,0.7508817911148071,predicted scores
1790,0.6231256723403931,predicted scores
1791,-0.02882373332977295,predicted scores
1792,0.36292678117752075,predicted scores
1793,1.692852258682251,predicted scores
1794,0.8433266282081604,predicted scores
1795,0.5159187912940979,predicted scores
1796,0.23340383172035217,predicted scores
1797,0.2580755650997162,predicted scores
1798,0.8619136810302734,predicted scores
1799,-0.5008485317230225,predicted scores
1800,0.1632809191942215,predicted scores
1801,0.9633483290672302,predicted scores
1802,0.4017592668533325,predicted scores
1803,0.7180866003036499,predicted scores
1804,2.187734603881836,predicted scores
1805,0.13583727180957794,predicted scores
1806,2.057171583175659,predicted scores
1807,0.9673309922218323,predicted scores
1808,0.4732600450515747,predicted scores
1809,0.9173356890678406,predicted scores
1810,0.0821005254983902,predicted scores
1811,-0.5960056185722351,predicted scores
1812,0.28019437193870544,predicted scores
1813,0.060831695795059204,predicted scores
1814,0.6767897605895996,predicted scores
1815,0.6946976184844971,predicted scores
1816,-0.2315058708190918,predicted scores
1817,0.7736184597015381,predicted scores
1818,0.6758259534835815,predicted scores
1819,0.8223206400871277,predicted scores
1820,0.718023419380188,predicted scores
1821,0.5539379119873047,predicted scores
1822,0.8076601624488831,predicted scores
1823,2.9719250202178955,predicted scores
1824,0.6412161588668823,predicted scores
1825,0.26206427812576294,predicted scores
1826,0.6355157494544983,predicted scores
1827,0.26955118775367737,predicted scores
1828,0.5899053812026978,predicted scores
1829,0.8030223846435547,predicted scores
1830,1.0150712728500366,predicted scores
1831,0.6217921376228333,predicted scores
1832,0.2723088562488556,predicted scores
1833,0.6443115472793579,predicted scores
1834,0.6977206468582153,predicted scores
1835,0.7631040811538696,predicted scores
1836,1.471701741218567,predicted scores
1837,0.2099555879831314,predicted scores
1838,0.027665674686431885,predicted scores
1839,2.4831316471099854,predicted scores
1840,0.42901819944381714,predicted scores
1841,-0.39388495683670044,predicted scores
1842,0.873892068862915,predicted scores
1843,1.0562310218811035,predicted scores
1844,0.43914052844047546,predicted scores
1845,0.7070222496986389,predicted scores
1846,1.271963357925415,predicted scores
1847,0.5999663472175598,predicted scores
1848,-0.23402011394500732,predicted scores
1849,2.1295008659362793,predicted scores
1850,1.2609148025512695,predicted scores
1851,0.8004302382469177,predicted scores
1852,-0.40235936641693115,predicted scores
1853,0.21476906538009644,predicted scores
1854,0.8022551536560059,predicted scores
1855,1.661137342453003,predicted scores
1856,1.9009926319122314,predicted scores
1857,0.7401634454727173,predicted scores
1858,0.9431081414222717,predicted scores
1859,0.8583371639251709,predicted scores
1860,0.40817850828170776,predicted scores
1861,0.5710816383361816,predicted scores
1862,0.691192626953125,predicted scores
1863,0.8888827562332153,predicted scores
1864,0.8319494128227234,predicted scores
1865,0.5793893337249756,predicted scores
1866,0.5918936729431152,predicted scores
1867,0.38123267889022827,predicted scores
1868,0.14412805438041687,predicted scores
1869,0.332677960395813,predicted scores
1870,1.290558934211731,predicted scores
1871,0.5097491145133972,predicted scores
1872,0.4581538140773773,predicted scores
1873,0.006363272666931152,predicted scores
1874,0.277247816324234,predicted scores
1875,0.9829263091087341,predicted scores
1876,1.1573102474212646,predicted scores
1877,0.8341529369354248,predicted scores
1878,0.8646659851074219,predicted scores
1879,0.1694348305463791,predicted scores
1880,0.46489810943603516,predicted scores
1881,0.7734072208404541,predicted scores
1882,0.7121437788009644,predicted scores
1883,0.960014283657074,predicted scores
1884,-0.04186740517616272,predicted scores
1885,1.6109389066696167,predicted scores
1886,0.6146780848503113,predicted scores
1887,0.5140258073806763,predicted scores
1888,0.48214074969291687,predicted scores
1889,1.3237760066986084,predicted scores
1890,0.1601368486881256,predicted scores
1891,1.080646276473999,predicted scores
1892,1.7899258136749268,predicted scores
1893,1.1684199571609497,predicted scores
1894,0.7080661058425903,predicted scores
1895,-0.0993051528930664,predicted scores
1896,1.3700064420700073,predicted scores
1897,0.9036539196968079,predicted scores
1898,0.34644022583961487,predicted scores
1899,0.6441997289657593,predicted scores
1900,0.5457223653793335,predicted scores
1901,0.866602897644043,predicted scores
1902,0.6410595178604126,predicted scores
1903,0.44973742961883545,predicted scores
1904,0.9110981822013855,predicted scores
1905,0.5774655342102051,predicted scores
1906,0.7660089135169983,predicted scores
1907,1.871634602546692,predicted scores
1908,1.4604336023330688,predicted scores
1909,0.4453422427177429,predicted scores
1910,0.18354058265686035,predicted scores
1911,0.1162782609462738,predicted scores
1912,0.44985032081604004,predicted scores
1913,0.5576492547988892,predicted scores
1914,0.4773391783237457,predicted scores
1915,0.7144115567207336,predicted scores
1916,1.639744520187378,predicted scores
1917,1.2507941722869873,predicted scores
1918,-1.2194167375564575,predicted scores
1919,0.991526186466217,predicted scores
1920,0.4356193542480469,predicted scores
1921,0.5034228563308716,predicted scores
1922,0.8421217203140259,predicted scores
1923,0.19273468852043152,predicted scores
1924,0.30426886677742004,predicted scores
1925,1.717559814453125,predicted scores
1926,0.18389958143234253,predicted scores
1927,1.7053191661834717,predicted scores
1928,1.5207524299621582,predicted scores
1929,0.48162171244621277,predicted scores
1930,2.086132287979126,predicted scores
1931,0.6290646195411682,predicted scores
1932,0.8177072405815125,predicted scores
1933,0.7153044939041138,predicted scores
1934,-0.15583959221839905,predicted scores
1935,0.8152360916137695,predicted scores
1936,0.6610522270202637,predicted scores
1937,0.6810644268989563,predicted scores
1938,0.5481255054473877,predicted scores
1939,1.1001964807510376,predicted scores
1940,0.32688528299331665,predicted scores
1941,0.8619136810302734,predicted scores
1942,0.2221127599477768,predicted scores
1943,1.8039716482162476,predicted scores
1944,0.7546490430831909,predicted scores
1945,0.8067531585693359,predicted scores
1946,0.21476906538009644,predicted scores
1947,0.5950099229812622,predicted scores
1948,0.32620522379875183,predicted scores
1949,0.3269534707069397,predicted scores
1950,0.5221136808395386,predicted scores
1951,0.7394362092018127,predicted scores
1952,0.7188654541969299,predicted scores
1953,0.5674214363098145,predicted scores
1954,0.05813917517662048,predicted scores
1955,1.061129093170166,predicted scores
1956,1.021606206893921,predicted scores
1957,0.8939818143844604,predicted scores
1958,0.6500701308250427,predicted scores
1959,1.1594595909118652,predicted scores
1960,0.07340960204601288,predicted scores
1961,0.254855215549469,predicted scores
1962,0.8100245594978333,predicted scores
1963,0.4089771807193756,predicted scores
1964,0.5809205770492554,predicted scores
1965,0.027673959732055664,predicted scores
1966,-0.05794483423233032,predicted scores
1967,1.8153351545333862,predicted scores
1968,-0.5017916560173035,predicted scores
1969,0.6732408404350281,predicted scores
1970,0.6490346193313599,predicted scores
1971,0.3006952404975891,predicted scores
1972,0.3529782295227051,predicted scores
1973,0.7550013661384583,predicted scores
1974,0.35362792015075684,predicted scores
1975,1.1410845518112183,predicted scores
1976,1.222032070159912,predicted scores
1977,0.9148656129837036,predicted scores
1978,1.1056747436523438,predicted scores
1979,0.7493847012519836,predicted scores
1980,2.3767201900482178,predicted scores
1981,0.3553263545036316,predicted scores
1982,0.6332406401634216,predicted scores
1983,1.0818885564804077,predicted scores
1984,-0.26916176080703735,predicted scores
1985,0.3989610970020294,predicted scores
1986,0.9163179993629456,predicted scores
1987,0.5315905809402466,predicted scores
1988,0.9107778668403625,predicted scores
1989,0.6579635143280029,predicted scores
1990,1.458416223526001,predicted scores
1991,0.6437137126922607,predicted scores
1992,0.022907018661499023,predicted scores
1993,0.5294853448867798,predicted scores
1994,-0.5048574209213257,predicted scores
1995,1.1013014316558838,predicted scores
1996,0.893136203289032,predicted scores
1997,0.7165012955665588,predicted scores
1998,1.073356032371521,predicted scores
1999,1.0237222909927368,predicted scores
2000,-0.7902275323867798,predicted scores
2001,0.5581681728363037,predicted scores
2002,1.6202130317687988,predicted scores
2003,0.4678751528263092,predicted scores
2004,0.7246904373168945,predicted scores
2005,0.2740532159805298,predicted scores
2006,0.6006406545639038,predicted scores
2007,-0.6543024778366089,predicted scores
2008,1.4160010814666748,predicted scores
2009,0.9799383282661438,predicted scores
2010,0.7517088651657104,predicted scores
2011,1.4837456941604614,predicted scores
2012,1.1563462018966675,predicted scores
2013,0.2763526141643524,predicted scores
2014,0.31598734855651855,predicted scores
2015,0.7866560816764832,predicted scores
2016,0.6616723537445068,predicted scores
2017,0.06649865210056305,predicted scores
2018,0.6394288539886475,predicted scores
2019,0.18387442827224731,predicted scores
2020,0.3994112014770508,predicted scores
2021,0.6083664894104004,predicted scores
2022,0.6732408404350281,predicted scores
2023,0.5228439569473267,predicted scores
2024,0.1999267041683197,predicted scores
2025,0.6576711535453796,predicted scores
2026,0.28260812163352966,predicted scores
2027,1.2599685192108154,predicted scores
2028,0.6527606844902039,predicted scores
2029,-0.02882373332977295,predicted scores
2030,0.6958175897598267,predicted scores
2031,-0.032743096351623535,predicted scores
2032,0.6076395511627197,predicted scores
2033,-0.3769909739494324,predicted scores
2034,0.577600359916687,predicted scores
2035,0.8627322912216187,predicted scores
2036,0.8768172264099121,predicted scores
2037,0.7282894849777222,predicted scores
2038,1.0289454460144043,predicted scores
2039,0.8567121028900146,predicted scores
2040,0.7614898681640625,predicted scores
2041,0.8051761984825134,predicted scores
2042,0.4436147212982178,predicted scores
2043,0.369054913520813,predicted scores
2044,0.6649395227432251,predicted scores
2045,0.7743850946426392,predicted scores
2046,0.5809364318847656,predicted scores
2047,2.0444798469543457,predicted scores
2048,1.4893429279327393,predicted scores
2049,0.718273401260376,predicted scores
2050,1.287601113319397,predicted scores
2051,1.1632733345031738,predicted scores
2052,0.07137969136238098,predicted scores
2053,1.0550462007522583,predicted scores
2054,0.3342594802379608,predicted scores
2055,0.5189353823661804,predicted scores
2056,0.12871693074703217,predicted scores
2057,0.208939328789711,predicted scores
2058,0.767521321773529,predicted scores
2059,0.46012383699417114,predicted scores
2060,0.03790435194969177,predicted scores
2061,1.0363688468933105,predicted scores
2062,0.7705656290054321,predicted scores
2063,0.5866628885269165,predicted scores
2064,0.7879597544670105,predicted scores
2065,0.60586017370224,predicted scores
2066,0.4139183759689331,predicted scores
2067,0.96513831615448,predicted scores
2068,0.17504608631134033,predicted scores
2069,0.8730007410049438,predicted scores
2070,0.22455139458179474,predicted scores
2071,0.23478645086288452,predicted scores
2072,0.10122446715831757,predicted scores
2073,0.44208604097366333,predicted scores
2074,0.6106020212173462,predicted scores
2075,0.626585841178894,predicted scores
2076,0.40620511770248413,predicted scores
2077,1.2784873247146606,predicted scores
2078,-1.0472638607025146,predicted scores
2079,0.3224441707134247,predicted scores
2080,0.3365634083747864,predicted scores
2081,0.21987256407737732,predicted scores
2082,0.9071515798568726,predicted scores
2083,-0.4608597755432129,predicted scores
2084,0.7483046650886536,predicted scores
2085,0.966583788394928,predicted scores
2086,0.509308934211731,predicted scores
2087,0.4738468825817108,predicted scores
2088,0.42441752552986145,predicted scores
2089,0.9989866614341736,predicted scores
2090,0.45560234785079956,predicted scores
2091,0.5256488919258118,predicted scores
2092,0.5548392534255981,predicted scores
2093,0.7791866064071655,predicted scores
2094,0.17248448729515076,predicted scores
2095,1.1568604707717896,predicted scores
2096,0.6108722686767578,predicted scores
2097,0.20116375386714935,predicted scores
2098,0.9400355815887451,predicted scores
2099,0.19537553191184998,predicted scores
2100,0.7775235176086426,predicted scores
2101,0.6112595796585083,predicted scores
2102,1.2231214046478271,predicted scores
2103,0.34148022532463074,predicted scores
2104,0.5072703957557678,predicted scores
2105,0.9166722893714905,predicted scores
2106,0.5626705884933472,predicted scores
2107,0.09366127848625183,predicted scores
2108,0.6892446279525757,predicted scores
2109,1.7103099822998047,predicted scores
2110,1.24153733253479,predicted scores
2111,0.3094255030155182,predicted scores
2112,0.2423078566789627,predicted scores
2113,0.5545510053634644,predicted scores
2114,1.0018870830535889,predicted scores
2115,0.46887046098709106,predicted scores
2116,0.6126338243484497,predicted scores
2117,0.6660351753234863,predicted scores
2118,0.7144115567207336,predicted scores
2119,1.248611569404602,predicted scores
2120,0.2777922451496124,predicted scores
2121,0.7624703645706177,predicted scores
2122,1.0826672315597534,predicted scores
2123,0.940507709980011,predicted scores
2124,1.0545367002487183,predicted scores
2125,0.6336964964866638,predicted scores
2126,0.5726585388183594,predicted scores
2127,0.45800715684890747,predicted scores
2128,0.552278995513916,predicted scores
2129,0.41136130690574646,predicted scores
2130,0.6552945375442505,predicted scores
2131,0.5326665043830872,predicted scores
2132,1.2870988845825195,predicted scores
2133,0.9073058366775513,predicted scores
2134,0.383486807346344,predicted scores
2135,1.05079984664917,predicted scores
2136,0.5485625267028809,predicted scores
2137,0.5553736686706543,predicted scores
2138,0.9565132856369019,predicted scores
2139,0.8285671472549438,predicted scores
2140,0.2560781240463257,predicted scores
2141,0.4909980297088623,predicted scores
2142,1.0960811376571655,predicted scores
2143,0.8577125072479248,predicted scores
2144,0.6949774622917175,predicted scores
2145,0.7391207218170166,predicted scores
2146,0.8253398537635803,predicted scores
2147,0.6088902950286865,predicted scores
2148,0.5861594080924988,predicted scores
2149,0.9525799751281738,predicted scores
2150,0.31840410828590393,predicted scores
2151,0.9147272706031799,predicted scores
2152,0.9630014300346375,predicted scores
2153,0.8837589621543884,predicted scores
2154,0.4786403775215149,predicted scores
2155,0.1763392686843872,predicted scores
2156,0.6676875352859497,predicted scores
2157,-0.1325989067554474,predicted scores
2158,-1.1325105428695679,predicted scores
2159,1.0510368347167969,predicted scores
2160,0.051721662282943726,predicted scores
2161,0.6369490027427673,predicted scores
2162,1.4753326177597046,predicted scores
2163,0.1359924077987671,predicted scores
2164,0.6021162867546082,predicted scores
2165,1.0610473155975342,predicted scores
2166,1.083501935005188,predicted scores
2167,0.6457868814468384,predicted scores
2168,1.738511323928833,predicted scores
2169,0.2720622420310974,predicted scores
2170,0.8022034168243408,predicted scores
2171,0.6179590821266174,predicted scores
2172,0.8816160559654236,predicted scores
2173,0.5520138144493103,predicted scores
2174,0.9585090279579163,predicted scores
2175,-0.1044628918170929,predicted scores
2176,0.009381324052810669,predicted scores
2177,1.6323268413543701,predicted scores
2178,0.6014977097511292,predicted scores
2179,0.7501705884933472,predicted scores
2180,0.41038984060287476,predicted scores
2181,1.0592544078826904,predicted scores
2182,0.47437912225723267,predicted scores
2183,0.26683804392814636,predicted scores
2184,-0.37827068567276,predicted scores
2185,0.4507312476634979,predicted scores
2186,0.8759623765945435,predicted scores
2187,1.4535539150238037,predicted scores
2188,-0.5643080472946167,predicted scores
2189,-0.0035976171493530273,predicted scores
2190,0.5243484377861023,predicted scores
2191,0.5371918678283691,predicted scores
2192,0.9034302234649658,predicted scores
2193,0.7394384741783142,predicted scores
2194,0.4465612769126892,predicted scores
2195,0.764957070350647,predicted scores
2196,-0.9589998722076416,predicted scores
2197,0.6417825222015381,predicted scores
2198,0.6563677787780762,predicted scores
2199,0.7222602367401123,predicted scores
2200,1.013597011566162,predicted scores
2201,-0.8252640962600708,predicted scores
2202,0.5828847289085388,predicted scores
2203,1.3160254955291748,predicted scores
2204,0.4626234769821167,predicted scores
2205,0.5508428812026978,predicted scores
2206,1.5454716682434082,predicted scores
2207,0.26126351952552795,predicted scores
2208,2.0080933570861816,predicted scores
2209,0.9158616065979004,predicted scores
2210,0.5072590708732605,predicted scores
2211,0.626906156539917,predicted scores
2212,0.6773964762687683,predicted scores
2213,1.0775959491729736,predicted scores
2214,0.5858341455459595,predicted scores
2215,-0.039891988039016724,predicted scores
2216,0.5052857398986816,predicted scores
2217,0.5917471647262573,predicted scores
2218,0.4185250699520111,predicted scores
2219,0.9358041882514954,predicted scores
2220,0.4304640293121338,predicted scores
2221,0.749496579170227,predicted scores
2222,1.2309989929199219,predicted scores
2223,0.619735836982727,predicted scores
2224,0.3235127925872803,predicted scores
2225,0.45821353793144226,predicted scores
2226,1.3023960590362549,predicted scores
2227,0.9227673411369324,predicted scores
2228,-0.8222161531448364,predicted scores
2229,0.6586830615997314,predicted scores
2230,0.43199247121810913,predicted scores
2231,-0.5402714014053345,predicted scores
2232,0.8930802941322327,predicted scores
2233,1.478691577911377,predicted scores
2234,1.97378671169281,predicted scores
2235,-0.10304725170135498,predicted scores
2236,0.9256028532981873,predicted scores
2237,0.25371253490448,predicted scores
2238,0.20175129175186157,predicted scores
2239,0.30127012729644775,predicted scores
2240,0.07002142071723938,predicted scores
2241,0.250074565410614,predicted scores
2242,0.7561739683151245,predicted scores
2243,1.004410982131958,predicted scores
2244,0.6981279850006104,predicted scores
2245,0.2266317456960678,predicted scores
2246,-0.0788920521736145,predicted scores
2247,1.280421257019043,predicted scores
2248,0.6551629304885864,predicted scores
2249,0.37955984473228455,predicted scores
2250,1.1123383045196533,predicted scores
2251,0.5596131682395935,predicted scores
2252,0.723921537399292,predicted scores
2253,0.4510810375213623,predicted scores
2254,1.0033807754516602,predicted scores
2255,-0.32894909381866455,predicted scores
2256,0.6097120046615601,predicted scores
2257,-0.18477168679237366,predicted scores
2258,1.0147678852081299,predicted scores
2259,0.0468728244304657,predicted scores
2260,-0.26449471712112427,predicted scores
2261,0.6846321821212769,predicted scores
2262,0.45210587978363037,predicted scores
2263,0.4706875681877136,predicted scores
2264,0.8554537892341614,predicted scores
2265,-0.006724029779434204,predicted scores
2266,0.3058242201805115,predicted scores
2267,1.0402494668960571,predicted scores
2268,0.6450662612915039,predicted scores
2269,0.2045430988073349,predicted scores
2270,0.2527460753917694,predicted scores
2271,0.43516117334365845,predicted scores
2272,0.8876006007194519,predicted scores
2273,0.6388846039772034,predicted scores
2274,0.762846827507019,predicted scores
2275,1.0392764806747437,predicted scores
2276,0.6397793889045715,predicted scores
2277,0.8718574047088623,predicted scores
2278,0.41009610891342163,predicted scores
2279,0.03622323274612427,predicted scores
2280,0.6524417400360107,predicted scores
2281,1.471701741218567,predicted scores
2282,0.5491172075271606,predicted scores
2283,0.5738608837127686,predicted scores
2284,0.848249077796936,predicted scores
2285,0.32728320360183716,predicted scores
2286,-0.7140849828720093,predicted scores
2287,0.8304186463356018,predicted scores
2288,0.27849411964416504,predicted scores
2289,0.5863409042358398,predicted scores
2290,0.7061318159103394,predicted scores
2291,1.3895517587661743,predicted scores
2292,1.0220205783843994,predicted scores
2293,1.1241445541381836,predicted scores
2294,0.9368517398834229,predicted scores
2295,0.418290913105011,predicted scores
2296,0.6427392363548279,predicted scores
2297,0.21678891777992249,predicted scores
2298,1.1128261089324951,predicted scores
2299,0.4941563308238983,predicted scores
2300,-1.2320022583007812,predicted scores
2301,0.1504364311695099,predicted scores
2302,0.42661866545677185,predicted scores
2303,0.6860520243644714,predicted scores
2304,0.25854840874671936,predicted scores
2305,0.48782193660736084,predicted scores
2306,0.44142961502075195,predicted scores
2307,0.3510712683200836,predicted scores
2308,0.8889392018318176,predicted scores
2309,0.9882733821868896,predicted scores
2310,0.8758224844932556,predicted scores
2311,0.617094874382019,predicted scores
2312,0.407092422246933,predicted scores
2313,-0.20885521173477173,predicted scores
2314,1.2840619087219238,predicted scores
2315,0.1886407881975174,predicted scores
2316,0.48426663875579834,predicted scores
2317,0.6405776739120483,predicted scores
2318,0.9417381286621094,predicted scores
2319,0.5989378690719604,predicted scores
2320,0.1126367449760437,predicted scores
2321,0.04458361864089966,predicted scores
2322,0.10781398415565491,predicted scores
2323,0.3977682888507843,predicted scores
2324,0.9716635346412659,predicted scores
2325,0.5364341139793396,predicted scores
2326,0.8208248019218445,predicted scores
2327,-1.3014525175094604,predicted scores
2328,0.0612788200378418,predicted scores
2329,0.20424015820026398,predicted scores
2330,0.5345132350921631,predicted scores
2331,1.0580241680145264,predicted scores
2332,1.4807897806167603,predicted scores
2333,0.932280421257019,predicted scores
2334,0.49881285429000854,predicted scores
2335,0.10164624452590942,predicted scores
2336,-0.3311840891838074,predicted scores
2337,0.7385274171829224,predicted scores
2338,0.8827712535858154,predicted scores
2339,0.8408675193786621,predicted scores
2340,0.587854266166687,predicted scores
2341,0.7482023239135742,predicted scores
2342,-0.061908066272735596,predicted scores
2343,0.47549617290496826,predicted scores
2344,0.14473721385002136,predicted scores
2345,0.4247136414051056,predicted scores
2346,0.6015757918357849,predicted scores
2347,0.5179158449172974,predicted scores
2348,0.3769887685775757,predicted scores
2349,1.052701473236084,predicted scores
2350,1.2513562440872192,predicted scores
2351,0.6872673034667969,predicted scores
2352,0.6213061809539795,predicted scores
2353,0.4801258444786072,predicted scores
2354,0.40791839361190796,predicted scores
2355,0.5169424414634705,predicted scores
2356,0.9506576657295227,predicted scores
2357,0.5613963603973389,predicted scores
2358,2.322953462600708,predicted scores
2359,1.060854434967041,predicted scores
2360,0.39611488580703735,predicted scores
2361,0.8305637836456299,predicted scores
2362,0.750340461730957,predicted scores
2363,0.4546396732330322,predicted scores
2364,0.5409538149833679,predicted scores
2365,0.4668460488319397,predicted scores
2366,-0.18750685453414917,predicted scores
2367,0.7395448684692383,predicted scores
2368,0.5596317052841187,predicted scores
2369,1.0204795598983765,predicted scores
2370,-0.5033860206604004,predicted scores
2371,0.8770743608474731,predicted scores
2372,0.6703368425369263,predicted scores
2373,1.1754382848739624,predicted scores
2374,0.2777922451496124,predicted scores
2375,1.130570888519287,predicted scores
2376,0.5248805284500122,predicted scores
2377,1.010213017463684,predicted scores
2378,0.37806642055511475,predicted scores
2379,0.4842243194580078,predicted scores
2380,1.729714274406433,predicted scores
2381,0.8693240284919739,predicted scores
2382,0.9903514981269836,predicted scores
2383,0.7749959230422974,predicted scores
2384,-0.0056829750537872314,predicted scores
2385,0.3940562605857849,predicted scores
2386,0.7180866003036499,predicted scores
2387,0.5626524686813354,predicted scores
2388,0.6108819246292114,predicted scores
2389,1.1765353679656982,predicted scores
2390,0.631274938583374,predicted scores
2391,0.27030012011528015,predicted scores
2392,-0.5296432971954346,predicted scores
2393,-0.09753218293190002,predicted scores
2394,0.43706148862838745,predicted scores
2395,1.1778537034988403,predicted scores
2396,0.06332825124263763,predicted scores
2397,1.0457048416137695,predicted scores
2398,-0.043271780014038086,predicted scores
2399,0.7668343782424927,predicted scores
2400,-1.4557205438613892,predicted scores
2401,0.8718739151954651,predicted scores
2402,0.06699563562870026,predicted scores
2403,0.3028283417224884,predicted scores
2404,0.3211005628108978,predicted scores
2405,1.52341890335083,predicted scores
2406,2.0509934425354004,predicted scores
2407,0.7337439656257629,predicted scores
2408,0.9068389534950256,predicted scores
2409,0.6640691757202148,predicted scores
2410,0.013085544109344482,predicted scores
2411,0.0750575065612793,predicted scores
2412,0.1504364311695099,predicted scores
2413,0.7885538935661316,predicted scores
2414,-1.0605111122131348,predicted scores
2415,0.5076044797897339,predicted scores
2416,-0.030444234609603882,predicted scores
2417,0.11933644115924835,predicted scores
2418,1.2462456226348877,predicted scores
2419,-0.6856613159179688,predicted scores
2420,0.207445427775383,predicted scores
2421,1.059117317199707,predicted scores
2422,0.8704652786254883,predicted scores
2423,1.1537681818008423,predicted scores
2424,0.4120385944843292,predicted scores
2425,1.1253306865692139,predicted scores
2426,0.508108913898468,predicted scores
2427,0.8162320256233215,predicted scores
2428,0.27267664670944214,predicted scores
2429,-0.7540510892868042,predicted scores
2430,0.5528053045272827,predicted scores
2431,1.4523589611053467,predicted scores
2432,1.4227460622787476,predicted scores
2433,0.4202536940574646,predicted scores
2434,0.6651452779769897,predicted scores
2435,1.0352579355239868,predicted scores
2436,0.18121683597564697,predicted scores
2437,0.7908268570899963,predicted scores
2438,0.26753881573677063,predicted scores
2439,0.9630014300346375,predicted scores
2440,1.3907636404037476,predicted scores
2441,0.7519668340682983,predicted scores
2442,0.45600101351737976,predicted scores
2443,-0.166986346244812,predicted scores
2444,0.7487289309501648,predicted scores
2445,1.2766746282577515,predicted scores
2446,0.7829100489616394,predicted scores
2447,0.7147301435470581,predicted scores
2448,0.19376465678215027,predicted scores
2449,1.1057111024856567,predicted scores
2450,0.471659779548645,predicted scores
2451,0.335463285446167,predicted scores
2452,0.27649956941604614,predicted scores
2453,0.5182726383209229,predicted scores
2454,0.609879195690155,predicted scores
2455,1.138016939163208,predicted scores
2456,0.5045061707496643,predicted scores
2457,0.5006422996520996,predicted scores
2458,0.6205848455429077,predicted scores
2459,1.1447362899780273,predicted scores
2460,0.11544957756996155,predicted scores
2461,0.8895474076271057,predicted scores
2462,0.7156146168708801,predicted scores
2463,1.878411889076233,predicted scores
2464,0.19432881474494934,predicted scores
2465,0.13037315011024475,predicted scores
2466,0.6973365545272827,predicted scores
2467,-0.5157705545425415,predicted scores
2468,0.3700496256351471,predicted scores
2469,0.9614459872245789,predicted scores
2470,0.4819093346595764,predicted scores
2471,0.5371847152709961,predicted scores
2472,1.2884905338287354,predicted scores
2473,0.5253852009773254,predicted scores
2474,0.40137767791748047,predicted scores
2475,0.7979370355606079,predicted scores
2476,0.4886971712112427,predicted scores
2477,0.5043128728866577,predicted scores
2478,1.006467580795288,predicted scores
2479,0.6627339124679565,predicted scores
2480,1.5436038970947266,predicted scores
2481,1.5833262205123901,predicted scores
2482,0.474198579788208,predicted scores
2483,0.3017245829105377,predicted scores
2484,0.1743372529745102,predicted scores
2485,2.5344080924987793,predicted scores
2486,0.4778026342391968,predicted scores
2487,0.34913694858551025,predicted scores
2488,0.5689697265625,predicted scores
2489,0.35070741176605225,predicted scores
2490,0.9091444611549377,predicted scores
2491,-0.3491540551185608,predicted scores
2492,0.17994403839111328,predicted scores
2493,0.15547506511211395,predicted scores
2494,0.7207227349281311,predicted scores
2495,2.285264015197754,predicted scores
2496,0.13948975503444672,predicted scores
2497,1.0442571640014648,predicted scores
2498,0.5350815057754517,predicted scores
2499,1.2054991722106934,predicted scores
2500,1.5125043392181396,predicted scores
2501,0.387631893157959,predicted scores
2502,0.2909219264984131,predicted scores
2503,0.6685062646865845,predicted scores
2504,0.687021017074585,predicted scores
2505,-0.7553615570068359,predicted scores
2506,0.9649829268455505,predicted scores
2507,0.8059157729148865,predicted scores
2508,0.4256945252418518,predicted scores
2509,0.8296148777008057,predicted scores
2510,0.8271439075469971,predicted scores
2511,1.5321757793426514,predicted scores
2512,0.05172604322433472,predicted scores
2513,0.530765175819397,predicted scores
2514,0.33115237951278687,predicted scores
2515,0.5956997871398926,predicted scores
2516,0.06853753328323364,predicted scores
2517,0.6899771094322205,predicted scores
2518,1.0632293224334717,predicted scores
2519,0.7114859819412231,predicted scores
2520,0.7321542501449585,predicted scores
2521,0.591828465461731,predicted scores
2522,-0.05272272229194641,predicted scores
2523,0.6773124933242798,predicted scores
2524,0.2553820013999939,predicted scores
2525,0.9486658573150635,predicted scores
2526,-0.41920799016952515,predicted scores
2527,0.7669795751571655,predicted scores
2528,0.6795012950897217,predicted scores
2529,0.4372154176235199,predicted scores
2530,0.7749959230422974,predicted scores
2531,0.47483396530151367,predicted scores
2532,1.4108672142028809,predicted scores
2533,0.7262953519821167,predicted scores
2534,0.7022941708564758,predicted scores
2535,1.0397403240203857,predicted scores
2536,0.8407650589942932,predicted scores
2537,0.40778425335884094,predicted scores
2538,0.1785563975572586,predicted scores
2539,0.550317108631134,predicted scores
2540,0.4218350052833557,predicted scores
2541,-0.17510467767715454,predicted scores
2542,-0.07766139507293701,predicted scores
2543,0.306832879781723,predicted scores
2544,0.6993340253829956,predicted scores
2545,0.6811010837554932,predicted scores
2546,0.8513349294662476,predicted scores
2547,0.7388733625411987,predicted scores
2548,0.9536633491516113,predicted scores
2549,-0.3757268190383911,predicted scores
2550,0.633135199546814,predicted scores
2551,0.44418710470199585,predicted scores
2552,0.6994150280952454,predicted scores
2553,0.517990231513977,predicted scores
2554,1.1263773441314697,predicted scores
2555,1.7062190771102905,predicted scores
2556,0.21536320447921753,predicted scores
2557,0.9658234119415283,predicted scores
2558,0.21906453371047974,predicted scores
2559,2.1084365844726562,predicted scores
2560,0.934609591960907,predicted scores
2561,0.8385106325149536,predicted scores
2562,0.235379159450531,predicted scores
2563,-0.2898690700531006,predicted scores
2564,1.0912768840789795,predicted scores
2565,1.1855111122131348,predicted scores
2566,0.41913270950317383,predicted scores
2567,0.10640177130699158,predicted scores
2568,0.7928754687309265,predicted scores
2569,-1.0120898485183716,predicted scores
2570,0.3809853792190552,predicted scores
2571,1.1055383682250977,predicted scores
2572,0.6379568576812744,predicted scores
2573,0.4536915421485901,predicted scores
2574,1.0871942043304443,predicted scores
2575,1.0241990089416504,predicted scores
2576,0.8496479392051697,predicted scores
2577,2.733630895614624,predicted scores
2578,-0.3922501802444458,predicted scores
2579,0.691341757774353,predicted scores
2580,0.16253328323364258,predicted scores
2581,0.8180906176567078,predicted scores
2582,0.5246771574020386,predicted scores
2583,-0.022636592388153076,predicted scores
2584,0.5064602494239807,predicted scores
2585,0.8625692129135132,predicted scores
2586,0.3092840611934662,predicted scores
2587,0.7033669948577881,predicted scores
2588,0.6400392055511475,predicted scores
2589,0.5029772520065308,predicted scores
2590,-0.49094849824905396,predicted scores
2591,0.5776488780975342,predicted scores
2592,0.49124836921691895,predicted scores
2593,0.4653787910938263,predicted scores
2594,0.33632969856262207,predicted scores
2595,0.8506763577461243,predicted scores
2596,-0.0935387909412384,predicted scores
2597,0.49356386065483093,predicted scores
2598,0.7016677856445312,predicted scores
2599,0.6189740300178528,predicted scores
2600,1.01460599899292,predicted scores
2601,0.34458059072494507,predicted scores
2602,0.5185138583183289,predicted scores
2603,0.01896408200263977,predicted scores
2604,0.6897934675216675,predicted scores
2605,0.6030590534210205,predicted scores
2606,-0.16353502869606018,predicted scores
2607,-0.05188608169555664,predicted scores
2608,0.4631040692329407,predicted scores
2609,0.1921800971031189,predicted scores
2610,0.5417182445526123,predicted scores
2611,0.7558660507202148,predicted scores
2612,0.6074519753456116,predicted scores
2613,0.27975529432296753,predicted scores
2614,-0.3503514528274536,predicted scores
2615,-0.2421475052833557,predicted scores
2616,0.7987738251686096,predicted scores
2617,0.4356966018676758,predicted scores
2618,1.320038080215454,predicted scores
2619,-0.1383204460144043,predicted scores
2620,0.9649227261543274,predicted scores
2621,1.4272619485855103,predicted scores
2622,0.5806421041488647,predicted scores
2623,0.3851180076599121,predicted scores
2624,0.6646130084991455,predicted scores
2625,-0.5048574209213257,predicted scores
2626,1.026269555091858,predicted scores
2627,0.45839250087738037,predicted scores
2628,1.0516917705535889,predicted scores
2629,1.203346848487854,predicted scores
2630,0.6055021286010742,predicted scores
2631,0.11618489027023315,predicted scores
2632,0.580824613571167,predicted scores
2633,0.5937331914901733,predicted scores
2634,0.5440164804458618,predicted scores
2635,0.5412847399711609,predicted scores
2636,0.9936296343803406,predicted scores
2637,0.7698355317115784,predicted scores
2638,0.5756670236587524,predicted scores
2639,0.7021031379699707,predicted scores
2640,1.7830818891525269,predicted scores
2641,0.7280437350273132,predicted scores
2642,-0.06956025958061218,predicted scores
2643,-0.14576151967048645,predicted scores
2644,0.5545511841773987,predicted scores
2645,0.5976853370666504,predicted scores
2646,0.3106570541858673,predicted scores
2647,0.5869134664535522,predicted scores
2648,0.9724288582801819,predicted scores
2649,0.5615037679672241,predicted scores
2650,-1.8122074604034424,predicted scores
2651,0.5244766473770142,predicted scores
2652,1.4494940042495728,predicted scores
2653,0.8766143321990967,predicted scores
2654,0.4353829324245453,predicted scores
2655,0.6897934675216675,predicted scores
2656,1.008061170578003,predicted scores
2657,0.14435319602489471,predicted scores
2658,0.9565122723579407,predicted scores
2659,0.9263126850128174,predicted scores
2660,1.0311676263809204,predicted scores
2661,0.41573387384414673,predicted scores
2662,0.9165191054344177,predicted scores
2663,0.7493847012519836,predicted scores
2664,0.9885556101799011,predicted scores
2665,1.3141326904296875,predicted scores
2666,0.45275449752807617,predicted scores
2667,0.18497337400913239,predicted scores
2668,0.03564643859863281,predicted scores
2669,0.3117409944534302,predicted scores
2670,-0.9834132194519043,predicted scores
2671,0.1283809393644333,predicted scores
2672,1.0203850269317627,predicted scores
2673,0.5045061707496643,predicted scores
2674,0.6453784704208374,predicted scores
2675,0.6441929340362549,predicted scores
2676,0.4345399737358093,predicted scores
2677,0.6933892965316772,predicted scores
2678,0.5732264518737793,predicted scores
2679,0.8635635375976562,predicted scores
2680,0.8508850932121277,predicted scores
2681,-0.11550241708755493,predicted scores
2682,0.43828916549682617,predicted scores
2683,1.3632323741912842,predicted scores
2684,0.8215513825416565,predicted scores
2685,1.0993574857711792,predicted scores
2686,0.8804991245269775,predicted scores
2687,0.674530029296875,predicted scores
2688,0.12131582200527191,predicted scores
2689,0.8125404119491577,predicted scores
